Palabra Español Nivel 1,Palabra Inglés Nivel 1,Palabra Francés Nivel 1,Palabra Alemán Nivel 1,Palabra Español Nivel 2,Palabra Inglés Nivel 2,Palabra Francés Nivel 2,Palabra Alemán Nivel 2,Palabra Español Nivel 3,Palabra Inglés Nivel 3,Palabra Francés Nivel 3,Palabra Alemán Nivel 3
abeto,aahed,ecope ,Bad,apuñalando,aardwolves,abacterien ,Machen,comprometedoras,abiogenetically,clitoridectomie,Abbauregion
actor,aalii,layai ,Bai,aquelarres,abacterial,abaissable ,Macher,comprometedores,aboriginalities,declavetterions,Abbaustelle
aguas,aargh,entee ,Bar,arequipeña,abandonees,abakwariga ,machst,confeccionadora,absorbabilities,translitereriez,Abbausystem
agudo,aarti,forme ,bat,argentinas,abandoners,abalourdir ,Macken,consustanciarse,absorbefacients,classificatrice,abbauwuerdig
alado,abaca,halle ,Bau,argentinos,abandoning,abamectine ,Macker,contorsionistas,absorptiometers,proletarisaient,abbeissendem
albas,abaci,conie ,BCD,argumentos,abasements,abandonner ,Macula,contradecidoras,abstractionisms,discutaillasses,abbeissenden
altar,aback,gares ,bei,armatostes,abashments,abandouner ,Madame,contradecidores,abstractionists,zinzinuleraient,abbeissender
atizo,abacs,mosan ,Bem,armoniosas,abatements,abannation ,Maderl,decodificadoras,acanthocephalan,apparentassions,abbeissendes
avala,abaft,riper ,BGB,armoniosos,abbotships,abasourdir ,madige,decodificadores,acceptabilities,octosyllabiques,abbeizendem
azul,abaka,fards ,BGH,arpilleras,abbreviate,abattement ,Madita,defenestraremos,acceptingnesses,reconnaitraient,abbeizenden
cabra,abamp,parti ,BGL,arribistas,abcoulombs,abdication ,Madjar,defenestrasteis,accessarinesses,evangelisations,abbeizendes
cajas,aband,voues ,bin,arrobadiza,abdicating,abdiquante ,Madlen,descodificadora,accessibilities,reincorporaient,abbekommend
calar,abase,atele ,bis,arrobadizo,abdication,abdominien ,Madlow,desconcertadura,accessorinesses,deboutonnerions,abbekommene
calas,abash,rugir ,Bit,asentistas,abdicative,abderitain ,Madras,desentollecimos,accidentalities,rapprovisionner,abberufende
calca,abask,velie ,BKV,asistentes,abdicators,abecqueuse ,Madrid,deshumanizadora,accidentologies,confidentielles,abberufenem
calla,abate,mange ,BMW,asparagina,abdominals,abelmeluch ,Madsow,deshumanizantes,acclimatisation,premeditassions,abberufenen
calma,abaya,vexat ,Boa,aspilleras,abdominous,abelmosque ,Maechte,despilfarradora,acclimatization,chancelleraient,abberufener
camba,abbas,fusai ,Boe,boyacenses,abiogenist,aberdonien ,Maedeln,discriminatorio,accommodatingly,rembarquassions,abberufenes
campo,abbed,rafle ,boes,brasileras,abiotrophy,aberration ,Maedels,ecuatoguineanas,accommodational,amoindrissaient,Abbestellen
canas,abbes,loupe ,bog,brasileros,abirritant,abhorrable ,maehend,ecuatoguineanos,accomplishments,conglutinassiez,abbestellst
cantos,abbey,hissa ,Bon,brasileñas,abirritate,abidjanais ,Malowa,ecuatorianismos,accountableness,predestinerions,abdeckbarer
capto,abbot,halbi ,bot,brasileños,abiturient,abiogenese ,Malroy,electrolizadora,accountantships,metallochromies,abdeckbares
caras,abcee,shunt ,Box,braveadora,abjections,accoutumer ,Malsch,entormecimiento,acculturational,deconcentrerons,Abdeckblech
carlo,abeam,lilas ,Boy,brazaletes,abjectness,accouveuse ,Malsen,entumecimientos,acetophenetidin,faineantassions,Abdeckcreme
carro,abear,satis ,BPO,breviarios,abjointing,accrescent ,Malsow,establecimiento,acetylsalicylic,transmigrassent,abdeckendem
casas,abele,plots ,bps,brillantes,abjunction,accrochage ,malten,estadounidenses,achondroplasias,hannetonnassent,abdeckenden
catar,abers,raine ,BRD,bronceador,abjuration,accrochant ,Malter,francotiradores,achondroplastic,transposeraient,abdeckender
cejas,abets,cenes ,BRT,broquelate,ablatively,accrocheur ,maltet,grancolombianas,achromaticities,identifiassions,abdeckendes
celia,abhor,osera ,BSE,broquelazo,ablutomane,accrolivre ,Maltis,grancolombianos,achromatisation,mithridatisasse,Abdeckfolie
cenas,abide,vomer ,Bsp,brumadoras,abnegating,accrediter ,Malven,implosionaremos,achromatization,chronometreuses,Abdeckhaube
cepas,abies,calma ,BTX,brumadores,abnegation,accreditif ,Malvin,implosionasteis,acidimetrically,maximalisassent,Abdeckkappe
cerca,abled,terce ,Bub,bruselense,abnegators,accubiteur ,Malwin,incompletamente,acknowledgeable,rapapilloterait,Abdeckplane
cerco,abler,auges ,Bug,cabalgando,absolutory,accueillir ,Malzes,individualistas,acknowledgeably,endivisionnasse,Abdeckprobe
cerdo,ables,obvia ,Brian,caballitos,absolvable,acculement ,malzig,internacionales,acknowledgement,professionnelle,Abdeckungen
chile,ablet,redue ,Bronn,cachalotes,absolvents,acculturer ,Malzow,investigaciones,acknowledgments,efflanquassions,abdichtbare
china,ablow,galbe ,Brown,cachimbear,absolvitor,accumobile ,mammaer,judeocristianas,acquirabilities,denicotiniserai,abdichtende
ciego,abmho,ebats ,Brunn,cajoncitos,absorbable,accusateur ,Mammon,judeocristianos,acquisitiveness,sponsoriserions,abdichteten
cines,abode,basai ,Bryan,calandrias,absorbance,accusation ,Mammut,liberalizadoras,acrimoniousness,parcellisassiez,abdichtetet
citas,abohm,grela ,Buben,calcetines,absorbancy,acces libre ,manage,liberalizadores,acroparesthesia,sophistiqueront,Abdichtfuge
clara,aboil,megit ,Buden,calculable,absorbants,accelerant ,managt,menospreciadora,actinobiologies,blasphemeraient,abdienendem
clavo,aboma,matie ,Bubin,calderones,absorbates,accelerine ,Maurin,miliunanochesca,actinochemistry,debureaucratisa,abfaulenden
colas,aboon,jetai ,Buren,calentando,baalebatim,acensement ,Maurus,miliunanochesco,actinotherapies,etronconnassent,abfaulender
colon,abord,sakis ,buhen,california,babacootes,acentrique ,Mauser,neutralizadoras,adaptablenesses,desengourdirons,abfaulendes
coral,abore,mirer ,buken,californio,babbitries,acerbement ,mausig,neutralizadores,addictivenesses,debecquetassent,abfederbare
coras,abort,chahs ,Bulin,camarillas,babbitting,acersecome ,mausre,neutralizare,additionalities,condescendances,abfederndem
corea,about,uvula ,Buran,caminantes,babblative,acertainer ,mauzen,nicaraguanismos,adenocarcinomas,oeilletonnasses,abfedernden
corro,above,viole ,Busen,campestres,babblement,acetabulum ,Mawern,norteamericanas,adenohypophyses,automatisassiez,abfedernder
cosas,abram,bomes ,Butan,cargadores,babelesque,achalander ,Maxima,norteamericanos,adenohypophysis,sectoriseraient,abfederndes
costo,abray,raids ,Buten,carnavales,babesiases,achat ferme ,Maxime,proteccionistas,adenoidectomies,echardonnassent,abfedertest
crudo,abrim,reent ,Caban,carnificar,babesiasis,achatinide ,Maxine,puertorriqueñas,adiathermancies,raccompagnasses,abfeilendem
curar,abrin,voles ,Camin,carpintear,babesioses,epointeuse ,Maxtal,puertorriqueños,adjustabilities,degoudronneriez,abfeilenden
dados,abris,coran ,Canon,carreteras,babesiosis,epontiller ,Mayday,reengendradoras,administrations,exterioriserons,abfeilender
dagas,absey,avise ,Carin,cascabeleo,babiroussa,eponymique ,McCraw,reengendradores,admirablenesses,desentoilassent,abfeilendes
datos,absit,volet ,buh,cascaduras,babirussas,eponymiser ,McKeen,salvadoreñismos,admissibilities,radioguidassent,abfertigend
daños,abuna,aieux ,Bus,cascamajar,babyccinos,epormyable ,McNeal,simplificadoras,adrenalectomies,ensanglanterait,Abfertigens
dejar,abune,lapin ,bzw,cascarones,babyproofs,epouillage ,Meatus,simplificadores,adsorbabilities,desacraliserons,abfertigten
dejes,abuse,feves ,ebd,casoplones,bacchanals,epouilleur ,Mechau,sugestionadoras,adventurousness,emmortaisassent,abfertigtet
denso,abuts,pliai ,Eck,castañeteo,bacchantes,epoularder ,Mechow,sugestionadores,adversarinesses,solidifiassions,Abfertigung
dices,abuzz,vessee ,EDG,castellana,bacharachs,epoumonner ,Meckel,tergiversadoras,advisablenesses,contagionnaient,abfeuerndem
divos,abyes,punie ,Edt,castristas,bacillemia,epousseter ,Mecken,tergiversadores,aerodynamically,resplendissante,abfeuernden
dotes,abysm,douez ,EDV,celestineo,bacilluria,epoustater ,Raatsch,vergonzosamente,aerodynamicists,desinculpassiez,idealisierte
dunas,abyss,comma ,EEG,cenotafios,bacitracin,epoutieuse ,Rabatte,vicepresidentes,aeroelasticians,pronostiquerais,idealistisch
dures,acais,sales ,EGG,centigramo,backacters,epouvantent ,Rabauke,victoriosamente,aerohydroplanes,culpabiliserent,Idealstaates
duros,acari,tyran ,Ego,centijulio,backbiters,epoxydique ,Rabenau,voluntariamente,aerolithologies,renvenimeraient,Idealtarnung
fallo,accas,evier ,Ehe,centilitro,backbiting,eprouvable ,rabiate,washingtonianas,aerosolisations,degrouillassent,idealtypisch
falto,accoy,humer ,Eid,centiohmio,backbitten,eprouvette ,Rabnitz,xochimilquenses,aerosolizations,insensibilisiez,Idealzustand
feria,acerb,clans ,ein,centivatio,backblocks,epuusement ,Racemat,castellanismos,affectabilities,conglutinerions,Ideenanreger
fetos,acers,tetue ,Eis,granadinas,backboards,epulatoire ,Rachele,castrochavismo,affectivenesses,conceptualisait,ideenreichem
fijos,aceta,opter ,EKG,granadinos,backburned,epulotique ,Rachens,castrochavista,affordabilities,encyclopedistes,ideenreichen
filas,achar,marge ,elf,granjeable,backchecks,epuratoire ,Rachlau,certificadoras,affranchisement,somatotrophines,ideenreicher
filia,ached,faros ,EMG,felizmente,backcloths,epee double ,rackeln,certificadores,aftersensations,appesantiraient,ideenreiches
finca,aches,berme ,eng,feministas,backcombed,epineuse ,rackern,checoeslovacas,aftertreatments,retransmettrais,Ideensitzung
gafas,baaed,lifte ,erb,femtogramo,backcourts,equanimite ,Rackith,checoeslovacos,agglutinability,endommageassiez,ideografisch
galas,baals,typha ,ERP,femtojulio,backdating,equasiller ,Rackitt,checoslovaquia,aggrandisements,feuilletiseriez,Ideologinnen
gales,babas,crado ,Erz,femtolitro,backdrafts,equatorial ,Racksen,civilizaciones,aggrandizements,autoguidassions,ideologische
galos,babel,aidai ,ETA,femtoohmio,backfields,equatorien ,Raczkow,colombianismos,aggregatenesses,estampillassiez,idiografisch
ganas,babes,ideal ,Ibo,femtovatio,backfilled,equicrural ,Raczyce,comprendedoras,agranulocytoses,platiniseraient,idiomatische
ganes,babka,banne ,ICE,habitantes,backfiring,equilateral ,Radball,comprendedores,agranulocytosis,bouchardassions,idiomuskaular
gases,baboo,etait ,ich,festivales,backfitted,equilibrer ,Radbert,comprometedora,agreeablenesses,applaudissement,idiopathisch
gasto,babul,votee ,ICs,filamentos,backgammon,equinoxial ,Radchen,concentradoras,agribusinessman,debarbouillerez,Idiotenhuegel
giras,babus,slips ,IDE,finalistas,background,zizyphique ,Ragwurz,concentradores,agribusinessmen,interioriserent,Immunkoerpern
gordo,bacca,poids ,ihm,flagrantes,backhanded,zoanthaire ,Rahmens,confeccionador,agriculturalist,circonviendront,Immunkoerpers
gorro,bacco,gouge ,ihn,iluminando,backhander,zoanthides ,rahmige,confinamientos,airworthinesses,sexualisassions,Immunkomplex
grave,baccy,henne ,ihr,imparables,backhauled,zoanthrope ,rahmten,constelaciones,alcoholisations,desentortillees,Immunopathie
grito,bacha,lamas ,III,impasibles,backhoeing,zocchiedre ,Rahmung,contradecidora,alcoholizations,renformirassent,Immunprotein
hacer,bachs,plies ,Ina,imperantes,backhouses,zoerselois ,Raibach,contribuciones,alcoholometries,occidentalisant,Immunsysteme
halos,backs,bumes ,ins,imperiales,backlashed,zograscope ,Raichau,costarricenses,abdominoplasty,classificatoire,Immunsystems
hasta,bacon,thaie ,Ion,implosiona,backlasher,zombiesque ,Raiding,costarriqueñas,abominableness,disconvinssions,imperforabel
hielo,baddy,matai ,IPU,implosione,backlashes,zonalement ,Raigras,costarriqueños,aboriginalisms,authentiqueront,Imperforatus
ideas,badge,impot ,IRC,implosiono,backlights,zonardiser ,Raimond,cuadrangulares,abortifacients,suralimenteriez,impertinente
india,badly,dirai ,Ire,maliciador,backliners,zondomiser ,Raimund,dactilografiar,abortivenesses,sophistiquerons,impetiginoid
inflo,baels,igloo ,IRQ,malignizar,backlisted,zonothorax ,Rainald,damnificadoras,abrasivenesses,infantiliserent,Impfkalender
islas,baffs,avale ,irr,malrotador,backloaded,zonulolyse ,Raineck,damnificadores,absentmindedly,houspillassions,Impflanzette
malos,baffy,liait ,ISP,masacradas,backlogged,zonzonnant ,Rainers,decodificadora,absolutenesses,mannequinassiez,Impfreaktion
marca,bafts,pieux ,iss,mascaradas,backmarker,zoobenthos ,Rainrod,defenestrabais,absorbefacient,mangeotteraient,Impfscheinen
marco,bagel,sprat ,ist,mascarones,backpacked,zoobiquite ,Rainung,defenestrarais,absorptiometer,rengraciassions,Implantation
menos,baggy,camee ,Gaal,masticando,cabalettas,zoocecidie ,Raitzen,defenestrareis,absorptiveness,immaterialisent,implantieren
meter,baghs,houai ,Gaas,matagalpas,cabalistic,zoographie ,rajolen,defenestraseis,absorptivities,decontracterent,implantierst
metro,bagie,pains ,Gabe,materiales,caballeros,zoologique ,Raketen,desaherrojarse,absquatulating,brouillonnerons,implantierte
moler,bahts,shako ,Gabi,matorrales,cabbagiest,zoologiser ,Rakolus,descodificador,abstemiousness,chimiotherapies,implizierend
monte,bahus,fixat ,gabt,matriarcas,cabbalisms,zoologiste ,rauchen,desconcertador,calculabilities,agglutinassions,Obergailbach
morir,bahut,rodez ,Gaby,microgramo,cabbalists,zoomorphie ,Raucher,desconchinflar,calendarisation,reconstruirions,Obergefreite
nacer,bails,pompe ,gack,microjulio,cabdrivers,zoonomique ,rauchig,desembarcadero,calendarization,reensemencement,Obergeschoss
nadar,bairn,tance ,Gale,microlitro,cabinmates,zoonotique ,rauchst,desenfurruñaos,calorifications,assaisonnerions,Oberginsbach
narro,baisa,pilai ,gaert,micronesia,cablecasts,zoonymique ,rauchte,deshumanizador,canisterisation,miniaturiserons,Obergladbach
natas,baith,jupon ,Gage,micronesia,cablegrams,waterslide ,Raudnig,deshumanizante,canisterization,plebisciterions,Oberglauheim
naves,baits,pires ,Gags,microohmio,cabriolets,waudrezien ,Raudten,deslumbradoras,cannibalisation,dialectaliserai,Obergrombach
necio,baiza,inuit ,Gail,microvatio,cacafuegos,webisation ,rauende,deslumbradores,cannibalization,quantifieraient,Obergruenbach
niños,baize,lissa ,Gake,monegascas,cacciatora,webjournal ,rauerem,desmaquillador,canthaxanthines,convainquissiez,Oberguenzburg
notas,bajan,pifat ,Gala,monegascos,cacciatore,webmapping ,raueren,desmembradoras,capaciousnesses,renfrogneraient,Oberhaeutchen
nubes,bajra,caban ,Gall,monogramas,cachaemias,webmention ,rauerer,desmembradores,capitalisations,desaffectionner,Oberhartheim
obras,bajri,vires ,Galt,monologuen,cachinnate,webservice ,raueres,despachamiento,capitalizations,avantageassions,Oberheimbach
ocios,bajus,gaver ,galv,monologues,cacholongs,websession ,raueste,despilfarrador,caprifoliaceous,dactylographiat,Oberhersdorf
ollas,baked,volez ,Game,montenegro,caciquisms,websterite ,raufend,diccionaristas,caramelisations,electrolysasses,Oberhinkofen
ondas,baken,usera ,Gams,monteriana,cacodaemon,wegenrien ,rauften,diversificarse,caramelizations,sensibilisaient,Oberholzheim
onzas,baker,feces ,Gnus,montoncito,cacodemons,weillinois ,raftet,dominicanismos,carcinogenicity,ophtalmologiste,Oberholzklau
opera,bakes,litas ,Goal,moscovitas,cacodoxies,weimaraner ,Raugraf,ecuatoguineana,carcinosarcomas,familiariseront,Oberiflingen
otros,bakra,metis ,Goar,motejadora,cacogenics,weimariser ,Rauhaar,ejemplarizador,cardiographical,technetroniques,oberirdische
ovulo,balas,adnee ,Gobi,motivadora,cacography,welfarisme ,Rauheit,ejemplarizante,cardiopulmonary,reconstruisions,Oberjesingen
palas,balds,fanon ,Goch,motorcitos,cacologies,welsh black ,rauhste,electoralismos,carnivorousness,desapprendrions,Ochtenhausen
pedir,baldy,oubli ,Gode,motrileñas,cacomistle,welsh corgi ,Xanthan,electrolizador,carpetbaggeries,phenakistiscope,ockerfarbene
pelea,baled,laper ,Goda,motrileños,cacomixles,wendersien ,Xanthen,enamoradamente,carpometacarpus,deconsidererait,ockerfarbige
pelos,baler,hocco ,Gohe,mozambique,caconymies,wertherien ,Xanthin,enciclopedista,castanospermine,attendrissantes,Odontogenese
peras,bales,motet ,Gohl,multitudes,cacophonic,westendais ,Xanthom,enmarihuanarse,castrametations,depassionnerons,Odontoklasie
perro,balks,chaut ,Gore,nacionales,cacotopian,westerlies ,Xaveria,entrecruzabais,cataclysmically,enchevauchaient,Odontometrie
pesos,balky,ourle ,Goes,mutiladora,cacotopias,westernien ,xenogen,entumecimiento,catallactically,maroquinassions,Odontopathie
pilas,balls,jadis ,Gotz,nanogramo,cacotrophy,westralien ,Xenosit,escandalizador,catechistically,transfiguraient,offenbarende
pinto,bally,pauma ,Goxe,nanohercio,cactaceous,westrumite ,Xerasie,extranjerismos,catechumenships,decompleterions,offenbarlich
poder,balms,socle ,Gohr,nanokelvin,cacuminals,wetterhoun ,Xerosis,garantizaremos,categoricalness,reassigneraient,offenbartest
qatar,balmy,caria ,Goin,nanonewton,cacuminous,whartonite ,Xionsek,gramaticalizar,categorisations,satellisassions,offenherzige
quedo,baloo,fluai ,Gola,nanovoltio,cadaverine,whatsapper ,Xiphoid,grancolombiana,categorizations,chroniquassions,offenkundige
quema,balsa,serez ,Gold,nariñenses,cadaverous,voluptueux ,Xocourt,grancolombiano,catheterisation,paillardassions,Offenstetten
quito,balti,zigue ,Golf,nauseativo,caddisworm,vomitorium ,Xylitol,guanajuatenses,catheterization,personnifiasses,offerierende
reloj,balun,fumes ,Golk,negregaría,cadetships,voracement ,Xylofon,heterosexuales,cathodographers,ebouillantasses,offeriertest
rubio,balus,doser ,Golm,neologismo,caducities,voracifier ,bemuhter,hipnotizadoras,cathodographies,demultiplierent,offiziellere
rasco,bambi,houes ,Basen,oaxaqueñas,caecilians,vornicesse ,bemuster,historietistas,catholicisation,decrepitassions,offiziellste
ratas,banak,voyez ,baten,neuralgias,caecitises,vorticelle ,Benteler,implosionabais,catholicization,affirmativement,Offsetpapier
ratos,banal,beche ,bauen,neuronales,dabblingly,vorticisme ,Benutzer,implosionarais,causativenesses,siderolithiques,Ofterschwang
redes,banco,lames ,Bazin,pervertida,dachshunds,vorticiste ,Benziner,implosionareis,causelessnesses,manifesteraient,Ogfolderhaid
remar,bancs,pouce ,Beben,pesimistas,dacoitages,vousailles ,bequemer,implosionaseis,ceaselessnesses,detroussassions,Sachbeihilfen
renos,banda,rejet ,Beken,petahercio,dacquoises,vouvouzela ,beredter,impresionantes,cenogenetically,anathematiseras,Sachbereichen
renta,bandh,super ,Benin,nimiedades,dactylists,voyageable ,Beregner,incomprendidas,censurabilities,telediffuseront,sachbezogenem
sabio,bands,revit ,Berun,posiciones,daffodilly,voyagement ,Bereiter,incomprendidos,centenarianisms,antidiphterique,sachbezogenen
sacar,bandy,taxai ,Besan,niveladora,daftnesses,voyelliser ,Berenger,inconvenientes,centralisations,panneauteraient,sachbezogener
salir,baned,tapit ,Besen,nonillones,daggerlike,voyeuriser ,bereuter,independencias,centralizations,nantissements,sachbezogenes
selva,banes,crie ,beten,nostalgias,daguerrean,voyeurisme ,bergiger,indispensables,centricalnesses,napoleonienne,sachdienliche
sanar,bangs,luxee ,Beton,novelistas,dahabeeahs,voyeuriste ,Bergteer,inescudriñable,centrifugalised,narcotherapie,Sacherklaerung
sopas,bania,raque ,betun,nubarrones,dahabeeyah,voivodesse ,Bergtour,intransigentes,centrifugalises,narquoisement,sachgerechtem
secar,caaed,passe ,Bidon,quebequesa,dahabiyahs,voutelette ,berguber,liberalizadora,centrifugalized,nasalisassent,sachgerechten
serio,cabal,cuber ,Bigen,quebrantar,dahabiyehs,vrillement ,Berliner,menoscabadoras,centrifugalizes,nasalisassiez,sachgerechter
sobar,cabas,lord ,biken,quechuismo,daintiness,vrillifere ,Berumbur,menoscabadores,centrifugations,nasalisations,sachgerechtes
sonar,cabby,anse ,Bilin,radiactiva,dairymaids,urotelique ,besagter,menospreciador,centripetalisms,nasaliserions,Sachkatalogen
subir,caber,role ,Bison,radiactivo,daisywheel,urrosacine ,Besatzer,mercantilistas,centrosymmetric,nasillassions,Sachkataloges
sucio,cabin,taie ,Bjorn,rasquetear,dalliances,ursigramme ,Beschwer,neutralizadora,centuplications,nasilleraient,Sachliteratur
siete,cable,unis ,Boban,quemaduras,dalmatians,urticarien ,Bleckmar,neutralizantes,cephalochordate,nationalisais,Sachproblemen
tabla,cabob,zone ,,querencial,daltonians,urtication ,Bleibuir,norteamericana,cephalothoraces,nationalisait,Sachregistern
tacos,caboc,gemi ,,quintadora,daltonisms,uruguayite ,bleicher,personificando,cephalothoracic,nationalisant,Sachsengaenger
tania,cabre,gril ,,quintañona,damageable,uredospore ,Blendtur,ponzoñosamente,cephalothoraxes,nationalisent,Sachsenhausen
tapas,cacao,gyms ,,rescatador,damagingly,ureogenese ,blockbar,portuguesismos,cercopithecoids,nationalisera,Sachverhalten
tazas,cacti,dune ,,rescatando,damasceene,ureometrie ,bloderer,principalmente,cerebrovascular,nationalisiez,Schalkstetten
telón,cache,gade ,,reservados,damascened,ureopoiese ,blodster,probabilidades,ceremoniousness,nationalismes,Schallanalyse
tener,cacks,goum ,,reservando,damascenes,uretralgie ,blumiger,propagandistas,certificatories,nationalisons,Schallaufzeit
tenis,cacky,opes ,,resfriador,damaskeens,uretrocele ,Blutader,puertorriqueña,cervicographies,nationalistes,Schallbuendels
terco,calks,duce ,,residentes,damaskined,uretrotome ,Blutagar,radioactividad,chalcographical,nationalisees,schalldaemmend
terso,calla,rots ,,residuales,damasquins,ureterique ,Blutgier,rastrilladoras,chalcographists,naturalisasse,Schalldaemmung
texas,calls,logo ,,respetados,daminozide,uspanteque ,blutiger,rastrilladores,chamberlainship,naturaliserai,schalldaempfen
tipos,calms,aera ,,respirando,damnations,ustensiler ,blutleer,reengendradora,chancellorships,naturaliseras,Schalldaempfer
tiras,calmy,shah ,,retostados,damnedests,ustulation ,Blutspur,representantes,changeabilities,naturaliserez,schalldichtem
todas,calos,joue ,,retratando,damnifying,usufruiter ,Bochumer,septuagenarias,changefulnesses,naturalisions,schalldichten
todos,calpa,serf ,,retumbabas,damoiselle,usurpateur ,Bockbier,septuagenarios,channelisations,naturalisames,schalldichter
tomar,calps,gnou ,,reunionesa,dampcourse,usurpation ,bockiger,simpatizadoras,channelizations,naturalisates,schalldichtes
tonos,calve,hase ,,sitiadoras,dampnesses,utilisable ,Bodenkur,simpatizadores,chaptalisations,naturellement,Schallenergie
tonto,calyx,cent ,,sitiadores,damselfish,utilissime ,Bodiger,simplificadora,chaptalizations,naufrageaient,Schallgrenzen
toque,caman,caid ,,sitibundas,dancecores,utilitaire ,boserer,sobrevividoras,characterisable,naufrageasses,Schallimpulse
torpe,camas,oses ,,sitibundos,dancehalls,utopiciser ,dadruber,sobrevividores,characteristics,naufragerions,Schallmessung
trote,camel,onze ,,sobornando,dancewears,utraquisme ,Dahinter,solemnizadoras,characterizable,navalisations,Schalloeffnung
vacas,cameo,lape ,,sobrecoger,dandelions,utraquiste ,damnatur,solemnizadores,dactyliomancies,navigabilites,schalloptisch
vagos,cames,lute ,,sobrecojas,dandifying,utrechtois ,Damuster,subcontinentes,dactylographers,naviguassions,Schallplatten
valer,camis,oser ,,tarotistas,dandiprats,uteromanie ,danieder,subministrador,dactylographies,navigueraient,Schallwandler
valor,camos,nove ,,sojuzgador,dandyfunks,abaissai ,Danziger,substituidoras,daguerreotypers,nervurassions,Schauprozesse
veces,campi,show ,,solfeadora,dandyishly,abaissas ,Darmrohr,substituidores,daguerreotypies,nervureraient,schauspielern
vedas,campo,ales ,,solsticial,dandyprats,abaisser ,darunter,sugestionadora,daguerreotyping,nettoieraient,Schauspielers
velas,camps,girl ,,solsticios,dangerless,abaisses ,Debatter,tergiversadora,daguerreotypist,nettoyassions,Schaustellern
vemos,campy,houe ,,solteronas,danglingly,abaissez ,Debugger,terratenientes,damageabilities,neurasthenies,Schaustellers
venas,camus,sous ,,solterones,danknesses,abaissat ,Deckhaar,tropicalizarse,dangerousnesses,neurobiologie,Schaustellung
venir,canal,vite ,,terahercio,dannebrogs,abaisses ,defekter,venezolanismos,dastardlinesses,neuroleptique,Scheckbestand
verde,candy,typa ,,terakelvin,danthonias,abajoues ,Defensor,vigilantemente,dauntlessnesses,neurologiques,Scheckbuechern
viera,caned,sers ,,teranewton,fabricants,abandons ,defilier,ametralladorista,deacidification,neurologistes,Scheckinkasso
vigas,daals,noue ,,terminando,fabricated,abatages ,deftiger,antikirchnerismo,deathlessnesses,neuroplegique,Scheckverkehr
vinos,dabba,drop ,,terminases,fabricates,abattage ,deiniger,confeccionadoras,debauchednesses,neurosciences,Scheckzahlung
vivir,daces,aere ,,terregosas,fabricator,abattais ,Dejeuner,confeccionadores,decalcification,neutralisante,Schedbojewitz
volar,dacha,chah ,,terregosos,fabricking,abattait ,Dekaeder,conglutinaciones,decarbonisation,neutralisants,Schedderndorf
votar,dacks,soul ,,terrestres,fabulating,abattant ,Dekaster,consubstanciarse,decarbonization,neutralisasse,scheelsuechtig
yates,dadah,tutu ,,terrorismo,fabulators,abattent ,Dekateur,correspondientes,decarboxylating,neutraliserai,scheffelweise
yemas,dadas,pneu ,,testarrona,fabulising,abatteur ,Eberesche,cundinamarquesas,decarboxylation,neutraliseras,Scheibenbluete
yemen,daddy,broc ,,tiernísima,fabulistic,abattiez ,Eberhards,cundinamarqueses,decarburisation,neutraliserez,Scheibenfeder
yendo,dados,frac ,,tiernísimo,fabulizing,abattoir ,Ebernburg,defenestraciones,decarburization,neutralisions,Scheibenhardt
yenes,daffs,tuba ,,timorenses,fabulosity,abattons ,Eberndorf,descodificadoras,decasualisation,neutralisames,Scheibenhonig
yesca,daffy,pute ,,tipografía,fabulously,abattrai ,Ebernhahn,descodificadores,decasualization,neutralisates,ScheibenreSchenkelhilfe
yogur,dagga,agit ,,tlacuaches,facebooked,abattras ,Eberraute,deshumanizadoras,deceitfulnesses,neutrographie,Schenkelkanal
yugos,daggy,orin ,,tolerantes,facecloths,abattrez ,Ebersbach,deshumanizadores,deceivabilities,nickelassions,Schenkelsporn
zonas,dagos,faro ,,tolimenses,facelifted,abattues ,Ebersberg,despaletillarais,deceptibilities,nickellerions,Schenkelwespe
zorro,dahls,mets ,,tontilocas,facepalmed,abattues ,Ebersdorf,despilfarradoras,deceptivenesses,nicotinisasse,Schenkenbrunn
zurdo,daiko,osas ,,tontilocos,faceplants,abbatial ,Ebersgons,despilfarradores,decertification,nicotiniserai,Schenkenhagen
abre,daily,mens ,,torturando,faceplates,abbesses ,Ebersgrun,drogodependencia,dechlorinations,nicotiniseras,Schenkenhorst
amas,daine,sain ,,trabajando,faceprints,abdiquai ,Ebersheim,electrolizadoras,dechristianised,nicotiniserez,Schepankowitz
amen,daint,riez ,,trabucador,facetiming,abdiquas ,Eberspark,electrolizadores,dechristianises,nicotinisions,Scheppanowitz
ames,dairy,pati ,,traficaren,faceworker,abdiquer ,Ebersroda,entormecimientos,dechristianized,nicotinisames,Scheppetschen
ampo,daisy,rush ,,trajisteis,facialists,abdiques ,Eberstadt,existencialistas,dechristianizes,nicotinisates,Scherenbostel
ando,daker,doue ,,transformo,facileness,abdiquez ,Eberstedt,hispanohablantes,deciduousnesses,nidifiassions,Scherengitter
anos,daled,pepe ,,trasalcoba,facilitate,abdiquat ,Eberstein,hispanoparlantes,decimalisations,nidifications,Scherenschlag
anuo,dales,abat ,,tremebunda,facilities,abdiquees ,Eberswang,independentistas,decimalizations,nidifieraient,Scherensprung
aoja,dalis,gate ,,tremebundo,facinorous,abdiques ,Echendorf,menospreciadoras,decipherability,nids-de-poule,Scherentreppe
aojo,dalle,ziba ,,trepanando,facsimiled,abdomens ,Echeveria,menospreciadores,decolonisations,nietzscheenne,Schermaschine
apee,dally,bave ,,trepábamos,facsimiles,abeilles ,,miliunanochescas,decolonizations,niquedouilles,Scherspannung
apta,dalts,exil ,,tribunales,factionary,aberrais ,,miliunanochescos,decolorisations,nitratassions,Scherzartikel
aran,daman,czar ,,trifoliada,factionist,aberrait ,,semitransparente,decolorizations,nitrateraient,Scherzgedicht
aras,damar,rial ,,trincheras,factiously,aberrant ,,sobrealimentador,decolourisation,nitrifiassent,ScheuerbuErste
dais,dames,emit ,,tripolinas,factitious,aberrent ,,supercontagiador,decolourization,nitrifiassiez,
dale,damme,lave ,,tripolinos,factorable,aberrera ,,tradicionalmente,decommissioners,nitrification,
daos,damns,rixe ,,trotskista,factorages,aberriez ,,antikirchnerismos,decommissioning,nitrifierions,
dañe,damps,allo ,,tuviéremos,factorials,aberrons ,,bosnioherzegovina,decommunisation,nitrobenzines,
deja,dampy,plis ,,utensilios,factorings,abhorrai ,,bosnioherzegovino,decommunization,nitrobenzenes,
dejo,dance,hues ,,utilidades,factorised,abhorras ,,costarriqueñismos,decompensations,nitrotoluenes,
dijo,dancy,eden ,,vagabundeo,factorises,abhorrer ,,guatemaltequismos,galactopoietics,nitrurassions,
dime,dandy,ceda ,,vallenatos,factorized,abhorres ,,informatizaciones,galvanometrical,nitrureraient,
dome,dangs,relu ,,vampiresas,factorizes,abhorrez ,,semitransparentes,galvanoplasties,nivelleraient,
dono,danio,sapa ,,varguenses,factorship,abhorra ,,sobrealimentadora,galvanotropisms,bacteriologique,
dopa,danks,rems ,,varsoviana,factsheets,abhorree ,,sobredimensionaba,gamogenetically,bacteriologiste,
dora,daunt,uree ,,vascuences,factualism,abhorres ,,supercontagiadora,garrulousnesses,badigeonnassent,
dore,daurs,reez ,,vehementes,factualist,abjectes ,,voluntariosamente,gastroenteritic,badigeonnassiez,
feas,dauts,page ,,venezolana,factuality,abjurais ,,bosnioherzegovinas,gastroenteritis,badigeonnerions,
feos,daven,loti ,,verdascazo,fadelessly,abjurait ,,bosnioherzegovinos,gastronomically,bafouillassions,
fiyi,davit,bles ,,verdeciere,fadometers,abjurant ,,nacionalsocialista,gelatinisations,bafouilleraient,
flor,dawah,volt ,,verdugazos,faggotiest,abjurent ,,puertorriqueñismos,gelatinizations,baguenaudassent,
fumo,dawds,loch ,,vergonzoso,faggotings,abjurera ,,sobrealimentadoras,generalisations,baguenaudassiez,
hace,dawed,regi ,,vergoñosas,faggotries,abjuriez ,,sobrealimentadores,generalizations,baguenauderions,
haga,dawen,pane ,,vergoñosos,fagottists,abjurons ,,supercontagiadoras,genethlialogies,balkanisassions,
hago,dawks,rosi ,,vertebrara,faineances,abjurees ,,supercontagiadores,gentlemanliness,balkaniseraient,
hala,dawns,tain ,,verticales,fainnesses,ablatifs ,,telecomunicaciones,gentlewomanlier,balneotherapies,
haya,dawts,habit ,,vestuarios,faintingly,ablation ,,seudohermafroditismo ,gentrifications,banqueroutieres,
hice,dayan,habla ,,viajadoras,fairground,ablative ,,apesadumbrado,geochronologies,banquetteraient,
hile,daych,hable ,,viajadores,fairleader,ablettes ,,posibilidades,geochronologist,baragouinassent,
hizo,daynt,hable ,,victorioso,fairnesses,abloquai ,,delicadamente,geodemographics,baragouinassiez,
hube,dazed,hacha ,,viquitorte,fairyfloss,abloquas ,,irritabilidad,geoengineerings,baragouinerions,
hubo,dazer,hache ,,virilmente,fairyhoods,abloquer ,,contrasentido,geohydrologists,barbouillassent,
huna,dazes,hache ,,viscerales,fairylands,abloques ,,premeditacion,geomagnetically,barbouillassiez,
huya,deads,hadji ,,visitantes,faithcures,abloquez ,,inconsecuente,geometrisations,barbouillerions,
supo,deair,haies ,,vomitadora,faithfully,abloquat ,,municipalidad,geometrizations,barguignassions,
tale,deals,haine ,,votaríamos,falterings,abloquee ,,bienquerencia,geomorphogenies,barguigneraient,
talo,dealt,haire ,,vulnerando,familiarly,abloques ,,peregrinacion,geomorphogenist,barricadassions,
teas,deans,halai ,,washington,familistic,ablution ,,humanitarismo,habitablenesses,barricaderaient,
temo,deare,halas ,,yoctogramo,famishment,ablegats ,,fanfarroneria,haemacytometers,bastillonnaient,
pace,dearn,halbi ,,yoctojulio,famousness,aboierai ,,universalizar,haemagglutinate,bastillonnasses,
uñas,dears,haler ,,yoctolitro,fanaticise,aboieras ,,desmembracion,haemagglutinins,bastillonnerais,
ala,deary,hales ,,yoctoohmio,fanaticism,aboierez ,,despampanante,haemocytometers,bastillonnerait,
are,zabra,halez ,,yoctovatio,fanaticize,abolirai ,,universitario,haemoflagellate,bastillonneriez,
ase,zacks,halle ,,yottagramo,fancifully,aboliras ,,oposicionista,haemoglobinuria,dactylologie,
ata,zaida,halls ,,yottajulio,fancifying,abolirez ,,injustificado,haemoglobinuric,daignassions,
ato,zaidy,halos ,,yottalitro,gabapentin,abolisse ,,decididamente,halfheartedness,daigneraient,
ayo,zaire,halte ,,yottametro,gabardines,abolimes ,,contemporizar,halfpennyworths,daltoniennes,
ojo,zakat,halva ,,yottaohmio,gabblement,abolites ,,presentemente,hallucinational,damasquinage,
ore,zaman,halat ,,yottavatio,gabbroitic,abominai ,,resurgimiento,hallucinogenics,damasquinais,
rae,zambo,halee ,,yugoeslava,gaberdines,abominas ,,incontestable,hamamelidaceous,damasquinait,
ten,zamia,hales ,,yugoeslavo,gabionades,abominer ,,presuposicion,haphazardnesses,damasquinant,
hoy,zanja,hamac ,,yugoslavas,gabionages,abomines ,,monstruosidad,hardheartedness,damasquinent,
une,zante,hampe ,,yugoslavia,gabionnade,abominez ,,evolucionismo,harmonistically,damasquinera,
usa,zanza,hanap ,,yugoslavos,gadgeteers,abominat ,,genericamente,harpsichordists,damasquineur,
uve,zanze,hanse ,,zabullidor,gadgetiest,abominee ,,inconciliable,hazardousnesses,damasquiniez,
ven,zappy,hanta ,,zacapellas,gadgetries,abomines ,,encubrimiento,headmasterliest,damasquinons,
veo,zarfs,hante ,,zaheridora,gadolinite,abondais ,,clarificacion,headmasterships,damasquinees,
ves,zaris,hante ,,zeptogramo,gadolinium,abondait ,,inconsciencia,headmistressier,damassassent,
vio,zatis,hapax ,,zeptojulio,gadrooning,abondant ,,aterciopelado,healthfulnesses,damassassiez,
voi,zaxes,happa ,,zeptolitro,gadzookery,abondent ,,preestablecer,heartbreakingly,damasserions,
voy,zayin,happe ,,zeptoohmio,gaelicised,abondera ,,ensangrentado,heartbrokenness,dandinassent,
dare,zazen,haras ,,zeptovatio,gaelicises,abondiez ,,versificacion,heartlessnesses,dandinassiez,
oxeo,zeals,harda ,,zettagramo,gaelicisms,abondons ,,transportable,heartsicknesses,dandinements,
crea,zebec,hardi ,,zettajulio,gaelicized,abondees ,,afianzamiento,journalisations,dandinerions,
lees,zebra,harde ,,zettalitro,gaelicizes,abonnais ,,envolvimiento,journalizations,dangerosites,
arpo,zebub,harem ,,zettametro,gaillardia,abonnait ,,acaparamiento,judiciousnesses,dansottaient,
suda,zebus,harki ,,zettaohmio,gaingiving,abonnant ,,autenticacion,jurisprudential,dansottasses,
pido,zedas,harle ,,zettavatio,gainliness,abonnent ,,derramamiento,justifiableness,dansotterais,
asga,zeins,haros ,,zurcidoras,gainsayers,abonnera ,,reforzamiento,juxtapositional,dansotterait,
cebe,zendo,harpa ,,zurcidores,gainsaying,abonnies ,,confederacion,kaffeeklatsches,dansotteriez,
sumi,zerda,harpe ,,ultimadora,gainstrive,abonniez ,,impresionismo,karstifications,dansotterons,
creo,zerks,harts ,,ababillando,gainstrove,abonnira ,,transportador,katathermometer,dansotteront,
deja,zeros,hasch ,,abadernando,gaiterless,abonnons ,,clarividencia,kenogenetically,dansotterent,
siga,zests,hases ,,abanderarse,galabiyahs,abonnees ,,interposicion,keratinisations,darwinienne,
eso,zesty,hasts ,,abarrotando,galacticos,abordage ,,distribucion,keratinizations,dauphinelles,
sudo,zetas,haste ,,abdominales,galactoses,abordais ,,recalcitrante,kindergarteners,dauphinoises,
teme,zexes,haute ,,ablaqueador,galactosyl,abordait ,,salvoconducto,kindheartedness,demandassent,
iras,zezes,hauts ,,acañaverear,galantines,abordant ,,sugestionable,kinematographer,demandassiez,
vise,zhomo,havai ,,celestiales,galavanted,abordent ,,endeudamiento,kinematographic,demanderions,
leia,zibet,havas ,,cementerios,haanepoots,abordera ,,impracticable,kinesitherapies,demeurassent,
dice,ziffs,haver ,,centihercio,haberdines,abordiez ,,inadvertencia,kinesthetically,demeurassiez,
robe,yahoo,haves ,,centikelvin,habergeons,abordons ,,domesticacion,kinetheodolites,gabionnassent,
yaya,yaird,havez ,,centinewton,habilatory,abordees ,,jurisconsulto,kinetonucleuses,gabionnassiez,
alzo,yakka,havie ,,centivoltio,habiliment,abortifs ,,gesticulacion,kittenishnesses,gabionnerions,
rote,yakow,havir ,,cercenadora,habilitate,abortive ,,incriminacion,knowledgability,gadgetisaient,
cies,yales,havis ,,cervatillos,habitation,abouchai ,,indisculpable,kremlinologists,gadgetisasses,
mala,yamen,havit ,,chachafruto,habitaunce,abouchas ,,condecoracion,macadamisations,gadgetiserais,
temo,yampy,havre ,,chamarilero,habitually,aboucher ,,intransitable,macadamizations,gadgetiserait,
puni,yamun,havat ,,charreteras,habituated,abouches ,,hipersensible,machinabilities,gadgetiseriez,
mide,yangs,havee ,,chasqueador,habituates,abouchez ,,procesamiento,macrencephalias,gadgetiserons,
poca,yanks,haves ,,chilenismos,hacendados,abouchat ,,diferenciarse,macrencephalies,gadgetiseront,
deis,yapok,havit ,,chirladoras,haciendado,abouchee ,,impresionista,macroaggregated,gadgetiserent,
digo,yapon,hayon ,,chirladores,hackamores,abouches ,,desmoralizado,macroaggregates,gaillardement,
siso,yapps,haiks ,,chuchulucos,hackbuteer,aboulais ,,refrigeracion,macrocosmically,galactagogues,
veni,yappy,haiku ,,chuperreteo,hackbutter,aboulait ,,irrecuperable,macroevolutions,galactometres,
sera,yarak,haira ,,civilizando,hackerazzi,aboulant ,,comprobatorio,macromarketings,galactophores,
mido,yarco,hecto ,,clisterizar,hackerazzo,aboulent ,,extranjerismo,macrophotograph,galipotassent,
tima,yards,hello ,,cohabitando,hackmatack,aboulera ,,escandalizado,macroprudential,galipotassiez,
tese,yarer,henni ,,colecciones,hackneying,aboulies ,,santificacion,macroscopically,galipoterions,
boba,yarfa,henne ,,concusiones,hackneyism,abouliez ,,incomunicable,macrosporangium,gallicanismes,
nula,yarks,henry ,,condicionar,hackneyman,aboulons ,,desapasionado,macrostructural,galonnassions,
veje,yarns,herba ,,confirmador,hackneymen,aboulees ,,centralizador,macrostructures,galonneraient,
libe,yarrs,herbe ,,confirmando,hacksawing,aboutais ,,arremolinarse,maddeningnesses,galvanisaient,
taso,yarta,herbu ,,confirmante,hacktivism,aboutait ,,expectoracion,pachymeningitis,galvanisantes,
leyo,yarto,herbe ,,conformistas,hacktivist,aboutant ,,recriminacion,painstakingness,galvanisasses,
lose,yates,herpe ,,confortador,hacquetons,aboutent ,,separadamente,painterlinesses,galvanisation,
sere,yauds,hersa ,,consumistas,hadrosaurs,aboutera ,,ridicularizar,palaebiologists,galvaniserais,
coja,yauld,herse ,,continentes,haemagogue,abouties ,,derrocamiento,palaeoanthropic,galvaniserait,
tana,yaups,herse ,,contrabarra,haemateins,aboutiez ,,desperdiciado,palaeobiologies,galvaniseriez,
oxee,yawed,hertz ,,contratando,haematinic,aboutira ,,derretimiento,palaeobiologist,galvaniserons,
echa,yawey,heure ,,cordobenses,haematites,aboutons ,,aristocratico,palaeobotanical,galvaniseront,
anda,yawls,heurs ,,cornucopias,haematitic,aboutees ,,deshonestidad,palaeobotanists,galvaniserent,
lien,yawns,heurt ,,coronavirus,haematomas,aboyasse ,,penitenciario,palaeoecologies,galvanometres,
arpe,yawny,hibou ,,cosmonautas,haematoses,aboyeurs ,,descalificado,palaeoecologist,galvanotypies,
pedi,yawps,hindi ,,bielorrusas,haematosis,aboyeuse ,,desacreditado,palaeoethnology,galvaudassent,
debo,ybore,hippy ,,bielorrusia,haematozoa,aboyions ,,descomponerse,palaeogeography,galvaudassiez,
afea,yclad,hissa ,,bielorrusos,haematuria,aboyames ,,exterminacion,palaeographical,galvauderions,
maje,ycled,hisse ,,empoderando,haematuric,aboyates ,,parlamentario,palaeographists,galeopitheque,
rimo,ycond,hisse ,,,,abrasais ,,determinativo,,gambadassions,
echo,ydrad,hiver ,,,,abrasait ,,desfiguracion,,gambaderaient,
vali,ydred,hobby ,,,,abrasant ,,glorificacion,,gambergeaient,
,,hocco ,,,,abrasent ,,caricaturista,,gambergeasses,
,,hocha ,,,,abrasera ,,automovilista,,gambergerions,
,,hoche ,,,,ecceteis ,,reintegracion,,gambillassent,
,,hoche ,,,,ectasies ,,amotinamiento,,gambillassiez,
,,hoirs ,,,,ecthymas ,,sigilosamente,,gambillerions,
,,homes ,,,,ectopies ,,desertizacion,,ganglionnaire,
,,homme ,,,,effacent ,,penitenciaria,,gangrenassent,
,,homos ,,,,effacera ,,pusilanimidad,,gangrenassiez,
,,honni ,,,,effaciez ,,inconsiderado,,gangrenerions,
,,honte ,,,,effacees ,,ablandamiento,,gangsterismes,
,,horde ,,,,effanais ,,desatornillar,,garanceraient,
,,horst ,,,,effanait ,,malaventurado,,garantiraient,
,,hosto ,,,,effanant ,,aquietamiento,,garantissions,
,,hotte ,,,,effanent ,,desesperanzar,,garançassions,
,,houai ,,,,effanera ,,vagarosamente,,gargantuesque,
,,houas ,,,,effaniez ,,conflagracion,,gargarisaient,
,,houer ,,,,effanons ,,licenciosidad,,gargarisantes,
,,houes ,,,,effanees ,,historiografo,,gargarisasses,
,,houez ,,,,effarais ,,alterabilidad,,gargariserais,
,,houka ,,,,effarait ,,transformable,,gargariserait,
,,houle ,,,,effarant ,,cauterizacion,,gargariseriez,
,,hourd ,,,,effarent ,,testamentario,,gargariserons,
,,houri ,,,,effarera ,,sintonizacion,,gargariseront,
,,houat ,,,,effariez ,,importunacion,,gargariserent,
,,hoee ,,,,effarons ,,contraindicar,,gargotassions,
,,houes ,,,,effarees ,,desapercibido,,gargoteraient,
,,hoyau ,,,,effacais ,,comprometerse,,gargouillassse,
,,huais ,,,,effacait ,,desnivelacion,,gargouillerai,
,,huait ,,,,effacant ,,desenvolverse,,gargouilleras,
,,huant ,,,,effacons ,,contraventana,,gargouillerez,
,,huard ,,,,effectif ,,sobrecubierta,,gargouillions,
,,huart ,,,,effectua ,,achicharrarse,,gargouillames,
,,hucha ,,,,effectue ,,escurreplatos,,,
,,huche ,,,,effectue ,,permeabilidad,,,
,,huche ,,,,effendis ,,desempaquetar,,,
,,huent ,,,,efficace ,,psicoanalizar,,,
,,huera ,,,,effigies ,,plusmarquista,,,
,,huiez ,,,,effilage ,,emborracharse,,,
,,huila ,,,,effilais ,,radiodifusion,,,
,,huile ,,,,effilait ,,disposiciones,,,
,,humai ,,,,effilant ,,compaginacion,,,
,,humas ,,,,effilent ,,escacharrarse,,,
,,humer ,,,,effilera ,,electoralismo,,,
,,humes ,,,,effiliez ,,adaptabilidad,,,
,,humez ,,,,effilons ,,tercerizacion,,,
,,humus ,,,,effilure ,,confabulacion,,,
,,humat ,,,,effilees ,,interaccionar,,,
,,humee ,,,,effleura ,,incomportable,,,
,,humes ,,,,effleure ,,galvanizacion,,,
,,hunes ,,,,effleuri ,,visualizacion,,,
,,huons ,,,,effleure ,,gubernamental,,,
,,huppe ,,,,effluent ,,encortamiento,,,
,,huppe ,,,,effluvai ,,esencialmente,,,
,,hures ,,,,effluvas ,,sostenimiento,,,
,,hurla ,,,,effluver ,,hostigamiento,,,
,,hurle ,,,,effluves ,,acostumbrarse,,,
,,hurle ,,,,effluvez ,,terrateniente,,,
,,huron ,,,,effluvat ,,transformarse,,,
,,hutte ,,,,effondra ,,escalofriante,,,
,,huees ,,,,effondre ,,asesoramiento,,,
,,hydne ,,,,effondre ,,arrendamiento,,,
,,hydre ,,,,efforcer ,,vigorosamente,,,
,,hymen ,,,,efforces ,,ulteriormente,,,
,,hymne ,,,,efforcez ,,discapacitado,,,
,,hyene ,,,,,,desentenderse,,,
,,halai ,,,,,,valetudinario,,,
,,halas ,,,,,,desistimiento,,,
,,haler ,,,,,,sistematizado,,,
,,hales ,,,,,,impostergable,,,
,,halez ,,,,,,estereotipado,,,
,,halat ,,,,,,objetivamente,,,
,,halee ,,,,,,insustituible,,,
,,hales ,,,,,,sencillamente,,,
,,hatai ,,,,,,posterioridad,,,
,,hatas ,,,,,,paradigmatico,,,
,,hater ,,,,,,acertadamente,,,
,,hates ,,,,,,orientaciones,,,
,,hatez ,,,,,,irrenunciable,,,
,,hatif ,,,,,,controversial,,,
,,hatat ,,,,,,transposicion,,,
,,hatee ,,,,,,concomitancia,,,
,,hates ,,,,,,inexperiencia,,,
,,haves ,,,,,,autobiografia,,,
,,heles ,,,,,,irreconocible,,,
,,heres ,,,,,,autoconfianza,,,
,,helai ,,,,,,concupiscente,,,
,,hlas ,,,,,,medioambiente,,,
,,hler ,,,,,,sobrevivencia,,,
,,helez ,,,,,,energicamente,,,
,,helix ,,,,,,supuestamente,,,
,,helat ,,,,,,suplementario,,,
,,hele ,,,,,,reverberacion,,,
,,heles ,,,,,,interlocucion,,,
,,heron ,,,,,,prevaleciente,,,
,,heros ,,,,,,conmemorativo,,,
,,hevea ,,,,,,inmediaciones,,,
,,hetre ,,,,,,acondicionado,,,
,,hotel ,,,,,,intemperancia,,,
,,hotes ,,,,,,luminiscencia,,,
